{"cameraMode":{"drawMode":0,"name":"Shaded","section":"Shading Mode"},"sceneLighting":false,"audioPlay":false,"sceneViewState":{"showFog":true,"showMaterialUpdate":false,"showSkybox":true,"showFlares":true,"showImageEffects":true,"showParticleSystems":true},"in2DMode":false,"pivot":{"x":-2.384185791015625e-7,"y":0.5970815420150757,"z":0.0},"rotation":{"x":0.16719874739646913,"y":0.013896469958126545,"z":-0.002357630990445614,"w":0.9858224987983704},"size":6.156167507171631,"orthographic":false}